stage,condition,seed,category,message,occurrences
target_make_private,dp_eps_2,42,DeprecationWarning,datetime.datetime.utcnow() is deprecated and scheduled for removal in a future version. Use timezone-aware objects to represent datetimes in UTC: datetime.datetime.now(datetime.UTC).,2
target_make_private,dp_eps_2,42,UserWarning,Optimal order is the largest alpha. Please consider expanding the range of alphas to get a tighter privacy bound.,2
target_make_private,dp_eps_2,52,DeprecationWarning,datetime.datetime.utcnow() is deprecated and scheduled for removal in a future version. Use timezone-aware objects to represent datetimes in UTC: datetime.datetime.now(datetime.UTC).,1
target_make_private,dp_eps_2,52,UserWarning,Optimal order is the largest alpha. Please consider expanding the range of alphas to get a tighter privacy bound.,1
target_make_private,dp_eps_2,62,DeprecationWarning,datetime.datetime.utcnow() is deprecated and scheduled for removal in a future version. Use timezone-aware objects to represent datetimes in UTC: datetime.datetime.now(datetime.UTC).,1
target_make_private,dp_eps_2,62,UserWarning,Optimal order is the largest alpha. Please consider expanding the range of alphas to get a tighter privacy bound.,1
target_make_private,dp_eps_2,72,DeprecationWarning,datetime.datetime.utcnow() is deprecated and scheduled for removal in a future version. Use timezone-aware objects to represent datetimes in UTC: datetime.datetime.now(datetime.UTC).,1
target_make_private,dp_eps_2,72,UserWarning,Optimal order is the largest alpha. Please consider expanding the range of alphas to get a tighter privacy bound.,1
target_make_private,dp_eps_2,82,DeprecationWarning,datetime.datetime.utcnow() is deprecated and scheduled for removal in a future version. Use timezone-aware objects to represent datetimes in UTC: datetime.datetime.now(datetime.UTC).,1
target_make_private,dp_eps_2,82,UserWarning,Optimal order is the largest alpha. Please consider expanding the range of alphas to get a tighter privacy bound.,1
target_make_private,dp_eps_4,42,DeprecationWarning,datetime.datetime.utcnow() is deprecated and scheduled for removal in a future version. Use timezone-aware objects to represent datetimes in UTC: datetime.datetime.now(datetime.UTC).,2
target_make_private,dp_eps_4,42,UserWarning,Optimal order is the largest alpha. Please consider expanding the range of alphas to get a tighter privacy bound.,2
target_make_private,dp_eps_4,52,DeprecationWarning,datetime.datetime.utcnow() is deprecated and scheduled for removal in a future version. Use timezone-aware objects to represent datetimes in UTC: datetime.datetime.now(datetime.UTC).,1
target_make_private,dp_eps_4,52,UserWarning,Optimal order is the largest alpha. Please consider expanding the range of alphas to get a tighter privacy bound.,1
target_make_private,dp_eps_4,62,DeprecationWarning,datetime.datetime.utcnow() is deprecated and scheduled for removal in a future version. Use timezone-aware objects to represent datetimes in UTC: datetime.datetime.now(datetime.UTC).,1
target_make_private,dp_eps_4,62,UserWarning,Optimal order is the largest alpha. Please consider expanding the range of alphas to get a tighter privacy bound.,1
target_make_private,dp_eps_4,72,DeprecationWarning,datetime.datetime.utcnow() is deprecated and scheduled for removal in a future version. Use timezone-aware objects to represent datetimes in UTC: datetime.datetime.now(datetime.UTC).,1
target_make_private,dp_eps_4,72,UserWarning,Optimal order is the largest alpha. Please consider expanding the range of alphas to get a tighter privacy bound.,1
target_make_private,dp_eps_4,82,DeprecationWarning,datetime.datetime.utcnow() is deprecated and scheduled for removal in a future version. Use timezone-aware objects to represent datetimes in UTC: datetime.datetime.now(datetime.UTC).,1
target_make_private,dp_eps_4,82,UserWarning,Optimal order is the largest alpha. Please consider expanding the range of alphas to get a tighter privacy bound.,1
target_training,dp_eps_2,42,DeprecationWarning,datetime.datetime.utcnow() is deprecated and scheduled for removal in a future version. Use timezone-aware objects to represent datetimes in UTC: datetime.datetime.now(datetime.UTC).,2
target_training,dp_eps_2,42,UserWarning,Full backward hook is firing when gradients are computed with respect to module outputs since no inputs require gradients. See https://docs.pytorch.org/docs/main/generated/torch.nn.Module.html#torch.nn.Module.register_full_backward_hook for more details.,2
target_training,dp_eps_2,52,DeprecationWarning,datetime.datetime.utcnow() is deprecated and scheduled for removal in a future version. Use timezone-aware objects to represent datetimes in UTC: datetime.datetime.now(datetime.UTC).,1
target_training,dp_eps_2,52,UserWarning,Full backward hook is firing when gradients are computed with respect to module outputs since no inputs require gradients. See https://docs.pytorch.org/docs/main/generated/torch.nn.Module.html#torch.nn.Module.register_full_backward_hook for more details.,1
target_training,dp_eps_2,62,DeprecationWarning,datetime.datetime.utcnow() is deprecated and scheduled for removal in a future version. Use timezone-aware objects to represent datetimes in UTC: datetime.datetime.now(datetime.UTC).,1
target_training,dp_eps_2,62,UserWarning,Full backward hook is firing when gradients are computed with respect to module outputs since no inputs require gradients. See https://docs.pytorch.org/docs/main/generated/torch.nn.Module.html#torch.nn.Module.register_full_backward_hook for more details.,1
target_training,dp_eps_2,72,DeprecationWarning,datetime.datetime.utcnow() is deprecated and scheduled for removal in a future version. Use timezone-aware objects to represent datetimes in UTC: datetime.datetime.now(datetime.UTC).,1
target_training,dp_eps_2,72,UserWarning,Full backward hook is firing when gradients are computed with respect to module outputs since no inputs require gradients. See https://docs.pytorch.org/docs/main/generated/torch.nn.Module.html#torch.nn.Module.register_full_backward_hook for more details.,1
target_training,dp_eps_2,82,DeprecationWarning,datetime.datetime.utcnow() is deprecated and scheduled for removal in a future version. Use timezone-aware objects to represent datetimes in UTC: datetime.datetime.now(datetime.UTC).,1
target_training,dp_eps_2,82,UserWarning,Full backward hook is firing when gradients are computed with respect to module outputs since no inputs require gradients. See https://docs.pytorch.org/docs/main/generated/torch.nn.Module.html#torch.nn.Module.register_full_backward_hook for more details.,1
target_training,dp_eps_4,42,DeprecationWarning,datetime.datetime.utcnow() is deprecated and scheduled for removal in a future version. Use timezone-aware objects to represent datetimes in UTC: datetime.datetime.now(datetime.UTC).,2
target_training,dp_eps_4,42,UserWarning,Full backward hook is firing when gradients are computed with respect to module outputs since no inputs require gradients. See https://docs.pytorch.org/docs/main/generated/torch.nn.Module.html#torch.nn.Module.register_full_backward_hook for more details.,2
target_training,dp_eps_4,52,DeprecationWarning,datetime.datetime.utcnow() is deprecated and scheduled for removal in a future version. Use timezone-aware objects to represent datetimes in UTC: datetime.datetime.now(datetime.UTC).,1
target_training,dp_eps_4,52,UserWarning,Full backward hook is firing when gradients are computed with respect to module outputs since no inputs require gradients. See https://docs.pytorch.org/docs/main/generated/torch.nn.Module.html#torch.nn.Module.register_full_backward_hook for more details.,1
target_training,dp_eps_4,62,DeprecationWarning,datetime.datetime.utcnow() is deprecated and scheduled for removal in a future version. Use timezone-aware objects to represent datetimes in UTC: datetime.datetime.now(datetime.UTC).,1
target_training,dp_eps_4,62,UserWarning,Full backward hook is firing when gradients are computed with respect to module outputs since no inputs require gradients. See https://docs.pytorch.org/docs/main/generated/torch.nn.Module.html#torch.nn.Module.register_full_backward_hook for more details.,1
target_training,dp_eps_4,72,DeprecationWarning,datetime.datetime.utcnow() is deprecated and scheduled for removal in a future version. Use timezone-aware objects to represent datetimes in UTC: datetime.datetime.now(datetime.UTC).,1
target_training,dp_eps_4,72,UserWarning,Full backward hook is firing when gradients are computed with respect to module outputs since no inputs require gradients. See https://docs.pytorch.org/docs/main/generated/torch.nn.Module.html#torch.nn.Module.register_full_backward_hook for more details.,1
target_training,dp_eps_4,82,DeprecationWarning,datetime.datetime.utcnow() is deprecated and scheduled for removal in a future version. Use timezone-aware objects to represent datetimes in UTC: datetime.datetime.now(datetime.UTC).,1
target_training,dp_eps_4,82,UserWarning,Full backward hook is firing when gradients are computed with respect to module outputs since no inputs require gradients. See https://docs.pytorch.org/docs/main/generated/torch.nn.Module.html#torch.nn.Module.register_full_backward_hook for more details.,1
target_training,non_private,42,DeprecationWarning,datetime.datetime.utcnow() is deprecated and scheduled for removal in a future version. Use timezone-aware objects to represent datetimes in UTC: datetime.datetime.now(datetime.UTC).,2
target_training,non_private,52,DeprecationWarning,datetime.datetime.utcnow() is deprecated and scheduled for removal in a future version. Use timezone-aware objects to represent datetimes in UTC: datetime.datetime.now(datetime.UTC).,1
target_training,non_private,62,DeprecationWarning,datetime.datetime.utcnow() is deprecated and scheduled for removal in a future version. Use timezone-aware objects to represent datetimes in UTC: datetime.datetime.now(datetime.UTC).,1
target_training,non_private,72,DeprecationWarning,datetime.datetime.utcnow() is deprecated and scheduled for removal in a future version. Use timezone-aware objects to represent datetimes in UTC: datetime.datetime.now(datetime.UTC).,1
target_training,non_private,82,DeprecationWarning,datetime.datetime.utcnow() is deprecated and scheduled for removal in a future version. Use timezone-aware objects to represent datetimes in UTC: datetime.datetime.now(datetime.UTC).,1
