condition,seed,run_source,formal_dp,target_epsilon,actual_epsilon,delta,split,threshold_policy,threshold,accuracy,precision,recall,f1,fnr,fpr,roc_auc,pr_auc,tn,fp,fn,tp
non_private,42,accepted_experiment_05,False,,,,target_validation,default_0_5,0.5,0.9948400412796696,0.9942038868053188,0.994712604468702,0.9944581805780544,0.0052873955312979,0.005049005049005,0.9998172305864614,0.9998000499766132,6700,34,31,5832
non_private,42,accepted_experiment_05,False,,,,KDDTest+,default_0_5,0.5,0.8107256919801278,0.9635281385281386,0.6937582794358295,0.8066869025506275,0.3062417205641705,0.0347029142209865,0.9103638879025004,0.935713551393365,9374,337,3930,8903
non_private,42,accepted_experiment_05,False,,,,KDDTest+,validation_selected_F2,0.29,0.8165365507452094,0.9589445910290236,0.7080183900880542,0.814595660749507,0.2919816099119457,0.0400576665636906,0.9103638879025004,0.935713551393365,9322,389,3747,9086
dp_eps_4,42,accepted_experiment_05,True,4.0,3.9982670408726286,1.134031140495118e-05,target_validation,default_0_5,0.5,0.9817416845280622,0.9909360292835976,0.9696401159815794,0.9801724137931036,0.0303598840184206,0.0077220077220077,0.9970085692412148,0.9972780029493156,6682,52,178,5685
dp_eps_4,42,accepted_experiment_05,True,4.0,3.9982670408726286,1.134031140495118e-05,KDDTest+,default_0_5,0.5,0.734652235628105,0.9152624560552794,0.5883269695316762,0.7162508300920216,0.4116730304683239,0.0719802286067346,0.83883158045028,0.8977608403572535,9012,699,5283,7550
dp_eps_4,42,accepted_experiment_05,True,4.0,3.9982670408726286,1.134031140495118e-05,KDDTest+,validation_selected_F2,0.02,0.8066447835344216,0.9162900373354294,0.7267201745499883,0.8105688583720829,0.2732798254500116,0.0877355576150756,0.83883158045028,0.8977608403572535,8859,852,3507,9326
dp_eps_2,42,accepted_experiment_05,True,2.0,1.999037532733395,1.134031140495118e-05,target_validation,default_0_5,0.5,0.980074620941494,0.9919354838709676,0.965034965034965,0.978300337166076,0.0349650349650349,0.0068310068310068,0.9967799175116248,0.9970128857462908,6688,46,205,5658
dp_eps_2,42,accepted_experiment_05,True,2.0,1.999037532733395,1.134031140495118e-05,KDDTest+,default_0_5,0.5,0.7336763662171752,0.9148341635281254,0.5867684874931817,0.7149639194834789,0.4132315125068183,0.0721861806199155,0.8334451721934482,0.895967351762364,9010,701,5303,7530
dp_eps_2,42,accepted_experiment_05,True,2.0,1.999037532733395,1.134031140495118e-05,KDDTest+,validation_selected_F2,0.03,0.7853530872959545,0.916875260742595,0.6850307800202603,0.7841755497078632,0.3149692199797397,0.0820718772526001,0.8334451721934482,0.895967351762364,8914,797,4042,8791
non_private,52,trained_experiment_06,False,,,,target_validation,default_0_5,0.5,0.9936492815749781,0.9957140408023316,0.9906191369606003,0.9931600547195623,0.009380863039399626,0.0037125037125037125,0.9997925607681705,0.9997692412132985,6709,25,55,5808
non_private,52,trained_experiment_06,False,,,,KDDTest+,default_0_5,0.5,0.7818488289567069,0.9238513441148121,0.6721733032026805,0.7781686964366261,0.3278266967973194,0.0732159406858202,0.9267642753708891,0.9424039830380523,9000,711,4207,8626
non_private,52,trained_experiment_06,False,,,,KDDTest+,validation_selected_F2,0.14,0.8029630943931867,0.9211926513402269,0.7150315592612795,0.8051241554795121,0.28496844073872046,0.08083616517351457,0.9267642753708891,0.9424039830380523,8926,785,3657,9176
dp_eps_4,52,trained_experiment_06,True,4.0,3.9982670408726286,1.134031140495118e-05,target_validation,default_0_5,0.5,0.9823767563705644,0.991119623889953,0.9708340440047757,0.9808719627778735,0.02916595599522429,0.007573507573507573,0.9964466850020323,0.9970432092914531,6683,51,171,5692
dp_eps_4,52,trained_experiment_06,True,4.0,3.9982670408726286,1.134031140495118e-05,KDDTest+,default_0_5,0.5,0.7355837473385379,0.9138761744158034,0.591210161302891,0.7179559971611071,0.408789838697109,0.07362784471218206,0.8183384804886786,0.8888781070769787,8996,715,5246,7587
dp_eps_4,52,trained_experiment_06,True,4.0,3.9982670408726286,1.134031140495118e-05,KDDTest+,validation_selected_F2,0.02,0.7991039744499645,0.9158653846153846,0.7125379879996883,0.8015076478064601,0.2874620120003117,0.08649984553599012,0.8183384804886786,0.8888781070769787,8871,840,3689,9144
dp_eps_2,52,trained_experiment_06,True,2.0,1.9990375327333947,1.134031140495118e-05,target_validation,default_0_5,0.5,0.9807096927839962,0.9912587412587412,0.9670816987890158,0.9790209790209791,0.03291830121098414,0.007425007425007425,0.9960175213458516,0.9966991222563102,6684,50,193,5670
dp_eps_2,52,trained_experiment_06,True,2.0,1.9990375327333947,1.134031140495118e-05,KDDTest+,default_0_5,0.5,0.7356724627395316,0.9142960462873674,0.5910543130990416,0.7179705617871173,0.40894568690095845,0.0732159406858202,0.8247416815218764,0.892524675841981,9000,711,5248,7585
dp_eps_2,52,trained_experiment_06,True,2.0,1.9990375327333947,1.134031140495118e-05,KDDTest+,validation_selected_F2,0.02,0.7981724627395316,0.9162729922605287,0.7103561131457959,0.800280923536125,0.289643886854204,0.08577901348985686,0.8247416815218764,0.892524675841981,8878,833,3717,9116
non_private,62,trained_experiment_06,False,,,,target_validation,default_0_5,0.5,0.9944431213781059,0.9933571793561574,0.994712604468702,0.9940344298619397,0.00528739553129797,0.005791505791505791,0.9998008431404304,0.9997835343577413,6695,39,31,5832
non_private,62,trained_experiment_06,False,,,,KDDTest+,default_0_5,0.5,0.8188431511710433,0.9628610729023384,0.7091093275150004,0.816729492012206,0.2908906724849996,0.03614457831325301,0.9263459238091657,0.946620934844928,9360,351,3733,9100
non_private,62,trained_experiment_06,False,,,,KDDTest+,validation_selected_F2,0.24000000000000002,0.8339247693399574,0.9583459404942007,0.74043481648874,0.8354141023386671,0.25956518351126,0.042529090721861805,0.9263459238091657,0.946620934844928,9298,413,3331,9502
dp_eps_4,62,trained_experiment_06,True,4.0,3.9982670408726286,1.134031140495118e-05,target_validation,default_0_5,0.5,0.9808684607446218,0.9916054564533053,0.9670816987890158,0.9791900526724808,0.03291830121098414,0.007128007128007128,0.9968619307268464,0.9972298261069878,6686,48,193,5670
dp_eps_4,62,trained_experiment_06,True,4.0,3.9982670408726286,1.134031140495118e-05,KDDTest+,default_0_5,0.5,0.7382452093683464,0.9152887610831536,0.5952622146029767,0.7213749468813447,0.4047377853970233,0.07280403665945835,0.8380959796563769,0.8945171843072204,9004,707,5194,7639
dp_eps_4,62,trained_experiment_06,True,4.0,3.9982670408726286,1.134031140495118e-05,KDDTest+,validation_selected_F2,0.02,0.8033623136976579,0.9127358490566038,0.7237590586768488,0.8073362597244557,0.27624094132315125,0.0914426938523324,0.8380959796563769,0.8945171843072204,8823,888,3545,9288
dp_eps_2,62,trained_experiment_06,True,2.0,1.9990375327333947,1.134031140495118e-05,target_validation,default_0_5,0.5,0.9798364690005557,0.9917587234788707,0.9646938427426233,0.9780390800622514,0.03530615725737677,0.00697950697950698,0.9965932601955116,0.9970046129759351,6687,47,207,5656
dp_eps_2,62,trained_experiment_06,True,2.0,1.9990375327333947,1.134031140495118e-05,KDDTest+,default_0_5,0.5,0.7357611781405252,0.9148166023166023,0.5908205407932674,0.7179584299985796,0.40917945920673265,0.07270106065286788,0.8351637111878732,0.8935906151562036,9005,706,5251,7582
dp_eps_2,62,trained_experiment_06,True,2.0,1.9990375327333947,1.134031140495118e-05,KDDTest+,validation_selected_F2,0.03,0.8007008516678495,0.9175010012014417,0.7140964700381828,0.8031199333946804,0.28590352996181717,0.08485222943054269,0.8351637111878732,0.8935906151562036,8887,824,3669,9164
non_private,72,trained_experiment_06,False,,,,target_validation,default_0_5,0.5,0.9949194252599826,0.9953869810353665,0.9936892375916766,0.99453738477296,0.006310762408323384,0.004009504009504009,0.9998364041516011,0.9998186844389672,6707,27,37,5826
non_private,72,trained_experiment_06,False,,,,KDDTest+,default_0_5,0.5,0.781360894251242,0.9211423699914748,0.6735759370373257,0.7781428635729396,0.32642406296267434,0.07620224487694367,0.902493188501869,0.9257613601934485,8971,740,4189,8644
non_private,72,trained_experiment_06,False,,,,KDDTest+,validation_selected_F2,0.23,0.7971078779276083,0.9200488251449497,0.7048235019091404,0.7981821390751853,0.2951764980908595,0.08093914118010503,0.902493188501869,0.9257613601934485,8925,786,3788,9045
dp_eps_4,72,trained_experiment_06,True,4.0,3.9982670408726286,1.134031140495118e-05,target_validation,default_0_5,0.5,0.9816623005477495,0.9911056853854203,0.9692989936892376,0.9800810554453738,0.03070100631076241,0.007573507573507573,0.9966465003988456,0.997074212805245,6683,51,180,5683
dp_eps_4,72,trained_experiment_06,True,4.0,3.9982670408726286,1.134031140495118e-05,KDDTest+,default_0_5,0.5,0.7294623846699787,0.9133316965381783,0.5797553183199564,0.7092807092807093,0.42024468168004364,0.07270106065286788,0.8089618823715501,0.8812880448822493,9005,706,5393,7440
dp_eps_4,72,trained_experiment_06,True,4.0,3.9982670408726286,1.134031140495118e-05,KDDTest+,validation_selected_F2,0.02,0.796930447125621,0.9118028534370947,0.7121483674900647,0.7997024851242562,0.28785163250993534,0.09103078982597054,0.8089618823715501,0.8812880448822493,8827,884,3694,9139
dp_eps_2,72,trained_experiment_06,True,2.0,1.9990375327333947,1.134031140495118e-05,target_validation,default_0_5,0.5,0.9792013971580535,0.9912296088405543,0.9638410370117687,0.9773434797647873,0.036158962988231284,0.007425007425007425,0.9961676678374616,0.9966624509043357,6684,50,212,5651
dp_eps_2,72,trained_experiment_06,True,2.0,1.9990375327333947,1.134031140495118e-05,KDDTest+,default_0_5,0.5,0.7286195883605394,0.9136380436121719,0.577885139873763,0.7079713603818616,0.42211486012623706,0.07218618061991557,0.8091611461199841,0.8797995670285138,9010,701,5417,7416
dp_eps_2,72,trained_experiment_06,True,2.0,1.9990375327333947,1.134031140495118e-05,KDDTest+,validation_selected_F2,0.03,0.7916075230660042,0.9169656586365966,0.697031091716668,0.7920134584735258,0.30296890828333206,0.08341056533827618,0.8091611461199841,0.8797995670285138,8901,810,3888,8945
non_private,82,trained_experiment_06,False,,,,target_validation,default_0_5,0.5,0.9939668174962293,0.9965677020765402,0.9904485758144295,0.9934987168520103,0.009551424185570527,0.00297000297000297,0.9998386330468881,0.9998236776240194,6714,20,56,5807
non_private,82,trained_experiment_06,False,,,,KDDTest+,default_0_5,0.5,0.7838005677785663,0.9664752080647052,0.6424842203693603,0.7718592023965549,0.35751577963063974,0.029451137884872823,0.9130970330480441,0.9370215482963911,9425,286,4588,8245
non_private,82,trained_experiment_06,False,,,,KDDTest+,validation_selected_F2,0.13,0.8013662171753017,0.9612454455117588,0.6784072313566586,0.7954317039744175,0.3215927686433414,0.03614457831325301,0.9130970330480441,0.9370215482963911,9360,351,4127,8706
dp_eps_4,82,trained_experiment_06,True,4.0,3.9982670408726286,1.134031140495118e-05,target_validation,default_0_5,0.5,0.9809478447249345,0.9900644936377898,0.9687873102507248,0.9793103448275862,0.031212689749275116,0.008464508464508464,0.9968995306706377,0.997156287926532,6677,57,183,5680
dp_eps_4,82,trained_experiment_06,True,4.0,3.9982670408726286,1.134031140495118e-05,KDDTest+,default_0_5,0.5,0.7272444996451384,0.9130004943153732,0.5757032650198707,0.7061409796893667,0.4242967349801294,0.07249510863968696,0.8227535537013454,0.8909595366750724,9007,704,5445,7388
dp_eps_4,82,trained_experiment_06,True,4.0,3.9982670408726286,1.134031140495118e-05,KDDTest+,validation_selected_F2,0.04,0.789611426543648,0.9185637417218543,0.6917322527857866,0.7891718895852781,0.30826774721421335,0.0810421171866955,0.8227535537013454,0.8909595366750724,8924,787,3956,8877
dp_eps_2,82,trained_experiment_06,True,2.0,1.9990375327333947,1.134031140495118e-05,target_validation,default_0_5,0.5,0.9795189330793046,0.9905478732714861,0.965205526181136,0.9777125086385625,0.034794473818864066,0.008019008019008018,0.9965352709255149,0.9968831502273694,6680,54,204,5659
dp_eps_2,82,trained_experiment_06,True,2.0,1.9990375327333947,1.134031140495118e-05,KDDTest+,default_0_5,0.5,0.7262242725337118,0.9126502292157106,0.5739889347775267,0.7047455032529659,0.4260110652224733,0.07259808464627741,0.8233874423179293,0.8909929896265916,9006,705,5467,7366
dp_eps_2,82,trained_experiment_06,True,2.0,1.9990375327333947,1.134031140495118e-05,KDDTest+,validation_selected_F2,0.03,0.7928495386799148,0.9175447570332481,0.6989012701628614,0.7934359518754424,0.30109872983713865,0.08299866131191433,0.8233874423179293,0.8909929896265916,8905,806,3864,8969
