stage,condition,shadow_seed,category,message,occurrences
target_make_private,dp_eps_2,,DeprecationWarning,datetime.datetime.utcnow() is deprecated and scheduled for removal in a future version. Use timezone-aware objects to represent datetimes in UTC: datetime.datetime.now(datetime.UTC).,2
target_make_private,dp_eps_2,,UserWarning,Optimal order is the largest alpha. Please consider expanding the range of alphas to get a tighter privacy bound.,2
target_make_private,dp_eps_4,,DeprecationWarning,datetime.datetime.utcnow() is deprecated and scheduled for removal in a future version. Use timezone-aware objects to represent datetimes in UTC: datetime.datetime.now(datetime.UTC).,2
target_make_private,dp_eps_4,,UserWarning,Optimal order is the largest alpha. Please consider expanding the range of alphas to get a tighter privacy bound.,2
target_make_private,dp_eps_8,,DeprecationWarning,datetime.datetime.utcnow() is deprecated and scheduled for removal in a future version. Use timezone-aware objects to represent datetimes in UTC: datetime.datetime.now(datetime.UTC).,2
target_make_private,dp_eps_8,,UserWarning,Optimal order is the largest alpha. Please consider expanding the range of alphas to get a tighter privacy bound.,2
target_training,dp_eps_2,,DeprecationWarning,datetime.datetime.utcnow() is deprecated and scheduled for removal in a future version. Use timezone-aware objects to represent datetimes in UTC: datetime.datetime.now(datetime.UTC).,2
target_training,dp_eps_2,,UserWarning,Full backward hook is firing when gradients are computed with respect to module outputs since no inputs require gradients. See https://docs.pytorch.org/docs/main/generated/torch.nn.Module.html#torch.nn.Module.register_full_backward_hook for more details.,2
target_training,dp_eps_4,,DeprecationWarning,datetime.datetime.utcnow() is deprecated and scheduled for removal in a future version. Use timezone-aware objects to represent datetimes in UTC: datetime.datetime.now(datetime.UTC).,2
target_training,dp_eps_4,,UserWarning,Full backward hook is firing when gradients are computed with respect to module outputs since no inputs require gradients. See https://docs.pytorch.org/docs/main/generated/torch.nn.Module.html#torch.nn.Module.register_full_backward_hook for more details.,2
target_training,dp_eps_8,,DeprecationWarning,datetime.datetime.utcnow() is deprecated and scheduled for removal in a future version. Use timezone-aware objects to represent datetimes in UTC: datetime.datetime.now(datetime.UTC).,2
target_training,dp_eps_8,,UserWarning,Full backward hook is firing when gradients are computed with respect to module outputs since no inputs require gradients. See https://docs.pytorch.org/docs/main/generated/torch.nn.Module.html#torch.nn.Module.register_full_backward_hook for more details.,2
target_training,non_private,,DeprecationWarning,datetime.datetime.utcnow() is deprecated and scheduled for removal in a future version. Use timezone-aware objects to represent datetimes in UTC: datetime.datetime.now(datetime.UTC).,2
